7.581871795654296875e+01, 7.607605743408203125e+01
1.154064483642578125e+02, 6.787722015380859375e+01
1.302558288574218750e+02, 7.182710266113281250e+01
1.617985687255859375e+02, 6.805746459960937500e+01
2.093871002197265625e+02, 6.598278808593750000e+01
0.000000000000000000e+00, 1.149752731323242188e+02
1.808149414062500000e+02, 6.750666809082031250e+01
1.727196502685546875e+02, 6.034464645385742188e+01
2.058575897216796875e+02, 6.871156311035156250e+01
1.720360412597656250e+02, 6.451246643066406250e+01
1.847660064697265625e+02, 6.778076934814453125e+01
1.427441253662109375e+02, 6.680493164062500000e+01
1.342914733886718750e+02, 5.583909606933593750e+01
1.733262939453125000e+02, 6.660184478759765625e+01
2.364875640869140625e+02, 6.673487854003906250e+01
9.587133026123046875e+01, 7.287202453613281250e+01
1.309214324951171875e+02, 6.421310424804687500e+01
1.431178131103515625e+02, 6.172962188720703125e+01
2.545694122314453125e+02, 6.430991363525390625e+01
2.225183105468750000e+02, 7.186695098876953125e+01
