type,residue,one_letter,sigma_angstrom,sigma_buried_angstrom
1,MET,M,6.180000,6.180000
2,GLY,G,4.500000,4.500000
3,LYS,K,6.360000,6.360000
4,THR,T,5.620000,5.620000
5,ARG,R,6.560000,6.560000
6,ALA,A,5.040000,5.040000
7,ASP,D,5.580000,5.580000
8,GLU,E,5.920000,5.920000
9,TYR,Y,6.460000,6.460000
10,VAL,V,5.860000,5.860000
11,LEU,L,6.180000,6.180000
12,GLN,Q,6.020000,6.020000
13,TRP,W,6.780000,6.780000
14,PHE,F,6.360000,6.360000
15,SER,S,5.180000,5.180000
16,HIS,H,6.080000,6.080000
17,ASN,N,5.680000,5.680000
18,PRO,P,5.560000,5.560000
19,CYS,C,5.480000,5.480000
20,ILE,I,6.180000,6.180000
